[{"pk": 1, "model": "videos.video", "fields": {"is_subtitled": true, "writelock_owner": null, "writelock_session_key": "", "featured": null, "is_public": true, "duration": 419, "was_subtitled": true, "view_count": 54, "title": "Open Source Philosophy", "meta_2_type": null, "s3_thumbnail": "video/thumbnail/fb34329c24d83ab1bffafc09d6b79b1d33befd9a.jpg", "small_thumbnail": "http://i.ytimg.com/vi/5CKwCfLUwj4/default.jpg", "followers": [], "meta_1_type": null, "moderated_by": null, "meta_2_content": "", "thumbnail": "http://i.ytimg.com/vi/5CKwCfLUwj4/0.jpg", "edited": "2013-08-23T15:35:54", "meta_1_content": "", "description": "Open Source Ecology founder Dr. Marcin Jakubowski and the OSE team explain the philosophy behind their work. Special thanks to our remote collaborators Tom Griffing, Zach Dwiel and William Neal.\n\nJoin us in building the future.\n\nopensourceecology.org", "primary_audio_language_code": "en", "languages_count": 5, "user": null, "complete_date": "2013-05-28T05:10:01", "allow_community_edits": false, "meta_3_type": null, "created": "2013-05-28T05:05:48", "video_id": "K1UJJmGx35cz", "writelock_time": null, "meta_3_content": "", "allow_video_urls_edit": true}}, {"pk": 2, "model": "videos.video", "fields": {"is_subtitled": false, "writelock_owner": null, "writelock_session_key": "", "featured": null, "is_public": true, "duration": null, "was_subtitled": false, "view_count": 1, "title": "About Amara", "meta_2_type": null, "s3_thumbnail": "video/thumbnail/ada98c0cb3bd8b603b63947f3f40a90b51827b49.jpg", "small_thumbnail": "http://b.vimeocdn.com/ts/274/180/274180940_200.jpg", "followers": [], "meta_1_type": null, "moderated_by": null, "meta_2_content": "", "thumbnail": "http://b.vimeocdn.com/ts/274/180/274180940_640.jpg", "edited": "2013-08-23T15:35:54", "meta_1_content": "", "description": "Amara is the easiest way to caption and translate any video.", "primary_audio_language_code": "", "languages_count": 0, "user": null, "complete_date": null, "allow_community_edits": false, "meta_3_type": null, "created": "2013-05-28T07:42:35", "video_id": "uwUNiG34tyHX", "writelock_time": null, "meta_3_content": "", "allow_video_urls_edit": true}}, {"pk": 3, "model": "videos.video", "fields": {"is_subtitled": false, "writelock_owner": null, "writelock_session_key": "", "featured": null, "is_public": true, "duration": 62, "was_subtitled": false, "view_count": 0, "title": "Italo Calvino's Cosmicomics by Ashley Ruhl", "meta_2_type": null, "s3_thumbnail": "video/thumbnail/1e856b4d3545c3e869e3bea337da46f6b4f34047.jpg", "small_thumbnail": "http://i.ytimg.com/vi/FVcUdmGTkEI/default.jpg", "followers": [10001], "meta_1_type": null, "moderated_by": null, "meta_2_content": "", "thumbnail": "https://i.ytimg.com/vi/FVcUdmGTkEI/0.jpg", "edited": "2013-08-23T15:35:54", "meta_1_content": "", "description": "An online video promotion for Italo Calvino's novel Cosmicomics by Ashley Ruhl for a motion graphics course at DePaul University's School of Cinema & Interactive Media in Chicago.  The requirements for this final project were to embody the spirit of the novel and inspire viewers to find out more.", "primary_audio_language_code": "", "languages_count": 0, "user": 10001, "complete_date": null, "allow_community_edits": false, "meta_3_type": null, "created": "2013-06-10T02:27:54", "video_id": "RJvfoTGFuUyR", "writelock_time": null, "meta_3_content": "", "allow_video_urls_edit": true}}, {"pk": 4, "model": "videos.video", "fields": {"is_subtitled": true, "writelock_owner": null, "writelock_session_key": "", "featured": null, "is_public": true, "duration": 61, "was_subtitled": true, "view_count": 0, "title": "Italo Calvino's Cosmicomics by Sheri Prather", "meta_2_type": null, "s3_thumbnail": "video/thumbnail/9d783305e587b7310486ee7f8dba47622045057c.jpg", "small_thumbnail": "http://i.ytimg.com/vi/p7Dul0kTo2I/default.jpg", "followers": [10001], "meta_1_type": null, "moderated_by": null, "meta_2_content": "", "thumbnail": "https://i.ytimg.com/vi/p7Dul0kTo2I/0.jpg", "edited": "2013-08-23T15:35:54", "meta_1_content": "", "description": "An online video promotion for Italo Calvino's novel Cosmicomics by Sheri Prather for a motion graphics course at DePaul University's School of Cinema & Interactive Media in Chicago. The requirements for this final project were to embody the spirit of the novel and inspire viewers to find out more.", "primary_audio_language_code": "en", "languages_count": 1, "user": 10001, "complete_date": "2013-06-10T02:37:25", "allow_community_edits": false, "meta_3_type": null, "created": "2013-06-10T02:29:04", "video_id": "s8mdKnEeuYpJ", "writelock_time": null, "meta_3_content": "", "allow_video_urls_edit": true}}, {"pk": 6, "model": "videos.video", "fields": {"is_subtitled": false, "writelock_owner": null, "writelock_session_key": "", "featured": null, "is_public": true, "duration": 82, "was_subtitled": false, "view_count": 0, "title": "Italo Calvino's Cosmicomics by Dennis Coveyou", "meta_2_type": null, "s3_thumbnail": "video/thumbnail/ee38510e589d1a8532ec0cadd63d411d403c7226.jpg", "small_thumbnail": "http://i.ytimg.com/vi/jvG1K_2GxEc/default.jpg", "followers": [10001], "meta_1_type": null, "moderated_by": null, "meta_2_content": "", "thumbnail": "https://i.ytimg.com/vi/jvG1K_2GxEc/0.jpg", "edited": "2013-08-23T15:35:54", "meta_1_content": "", "description": "An online video promotion for Italo Calvino's novel Cosmicomics by Dennis Coveyou for a motion graphics course at DePaul University's School of Cinema & Interactive Media in Chicago. The requirements for this final project were to embody the spirit of the novel and inspire viewers to find out more. \n\nThanks Scott Butwina, Joe Gondolfi, Sam Gondolfi, and Sloan Gretencord for superb acting.", "primary_audio_language_code": "en", "languages_count": 1, "user": 10001, "complete_date": null, "allow_community_edits": false, "meta_3_type": null, "created": "2013-06-10T02:38:25", "video_id": "xE0fYjqOwK5K", "writelock_time": null, "meta_3_content": "", "allow_video_urls_edit": true}}, {"pk": 33, "model": "videos.action", "fields": {"comment": null, "language": null, "created": "2013-06-10T02:46:28", "new_video_title": "", "member": null, "video": 6, "user": 10001, "action_type": 4, "team": null, "new_language": 7}}, {"pk": 32, "model": "videos.action", "fields": {"comment": null, "language": null, "created": "2013-06-10T02:38:25", "new_video_title": "", "member": null, "video": 6, "user": 10001, "action_type": 1, "team": null, "new_language": null}}, {"pk": 31, "model": "videos.action", "fields": {"comment": null, "language": null, "created": "2013-06-10T02:37:25", "new_video_title": "", "member": null, "video": 4, "user": 10001, "action_type": 4, "team": null, "new_language": 6}}, {"pk": 29, "model": "videos.action", "fields": {"comment": null, "language": null, "created": "2013-06-10T02:29:04", "new_video_title": "", "member": null, "video": 4, "user": 10001, "action_type": 1, "team": null, "new_language": null}}, {"pk": 28, "model": "videos.action", "fields": {"comment": null, "language": null, "created": "2013-06-10T02:27:54", "new_video_title": "", "member": null, "video": 3, "user": 10001, "action_type": 1, "team": null, "new_language": null}}, {"pk": 27, "model": "videos.action", "fields": {"comment": null, "language": null, "created": "2013-05-28T07:42:35", "new_video_title": "", "member": null, "video": 2, "user": null, "action_type": 1, "team": null, "new_language": null}}, {"pk": 26, "model": "videos.action", "fields": {"comment": null, "language": null, "created": "2013-05-28T05:09:11", "new_video_title": "", "member": null, "video": 1, "user": 10001, "action_type": 4, "team": null, "new_language": 1}}, {"pk": 25, "model": "videos.action", "fields": {"comment": null, "language": null, "created": "2013-05-28T05:09:11", "new_video_title": "", "member": null, "video": 1, "user": 10001, "action_type": 4, "team": null, "new_language": 1}}, {"pk": 24, "model": "videos.action", "fields": {"comment": null, "language": null, "created": "2013-05-28T05:13:58", "new_video_title": "", "member": null, "video": 1, "user": 10001, "action_type": 4, "team": null, "new_language": 5}}, {"pk": 23, "model": "videos.action", "fields": {"comment": null, "language": null, "created": "2013-05-28T05:13:58", "new_video_title": "", "member": null, "video": 1, "user": 10001, "action_type": 4, "team": null, "new_language": 5}}, {"pk": 22, "model": "videos.action", "fields": {"comment": null, "language": null, "created": "2013-05-28T05:36:30", "new_video_title": "", "member": null, "video": 1, "user": 10001, "action_type": 4, "team": null, "new_language": 4}}, {"pk": 21, "model": "videos.action", "fields": {"comment": null, "language": null, "created": "2013-05-28T05:35:30", "new_video_title": "", "member": null, "video": 1, "user": 10001, "action_type": 4, "team": null, "new_language": 4}}, {"pk": 20, "model": "videos.action", "fields": {"comment": null, "language": null, "created": "2013-05-28T05:31:31", "new_video_title": "", "member": null, "video": 1, "user": 10001, "action_type": 4, "team": null, "new_language": 1}}, {"pk": 19, "model": "videos.action", "fields": {"comment": null, "language": null, "created": "2013-05-28T05:11:57", "new_video_title": "", "member": null, "video": 1, "user": 10001, "action_type": 4, "team": null, "new_language": 2}}, {"pk": 18, "model": "videos.action", "fields": {"comment": null, "language": null, "created": "2013-05-28T05:11:57", "new_video_title": "", "member": null, "video": 1, "user": 10001, "action_type": 4, "team": null, "new_language": 2}}, {"pk": 17, "model": "videos.action", "fields": {"comment": null, "language": null, "created": "2013-05-28T05:12:58", "new_video_title": "", "member": null, "video": 1, "user": 10001, "action_type": 4, "team": null, "new_language": 3}}, {"pk": 16, "model": "videos.action", "fields": {"comment": null, "language": null, "created": "2013-05-28T05:12:58", "new_video_title": "", "member": null, "video": 1, "user": 10001, "action_type": 4, "team": null, "new_language": 3}}, {"pk": 15, "model": "videos.action", "fields": {"comment": null, "language": null, "created": "2013-05-28T05:14:25", "new_video_title": "", "member": null, "video": 1, "user": 10001, "action_type": 4, "team": null, "new_language": 5}}, {"pk": 14, "model": "videos.action", "fields": {"comment": null, "language": null, "created": "2013-05-28T05:14:11", "new_video_title": "", "member": null, "video": 1, "user": 10001, "action_type": 4, "team": null, "new_language": 5}}, {"pk": 13, "model": "videos.action", "fields": {"comment": null, "language": null, "created": "2013-05-28T05:13:58", "new_video_title": "", "member": null, "video": 1, "user": 10001, "action_type": 4, "team": null, "new_language": 5}}, {"pk": 12, "model": "videos.action", "fields": {"comment": null, "language": null, "created": "2013-05-28T05:13:29", "new_video_title": "", "member": null, "video": 1, "user": 10001, "action_type": 4, "team": null, "new_language": 4}}, {"pk": 11, "model": "videos.action", "fields": {"comment": null, "language": null, "created": "2013-05-28T05:12:58", "new_video_title": "", "member": null, "video": 1, "user": 10001, "action_type": 4, "team": null, "new_language": 3}}, {"pk": 10, "model": "videos.action", "fields": {"comment": null, "language": null, "created": "2013-05-28T05:12:45", "new_video_title": "", "member": null, "video": 1, "user": 10001, "action_type": 4, "team": null, "new_language": 3}}, {"pk": 9, "model": "videos.action", "fields": {"comment": null, "language": null, "created": "2013-05-28T05:12:27", "new_video_title": "", "member": null, "video": 1, "user": 10001, "action_type": 4, "team": null, "new_language": 3}}, {"pk": 8, "model": "videos.action", "fields": {"comment": null, "language": null, "created": "2013-05-28T05:12:14", "new_video_title": "", "member": null, "video": 1, "user": 10001, "action_type": 4, "team": null, "new_language": 3}}, {"pk": 7, "model": "videos.action", "fields": {"comment": null, "language": null, "created": "2013-05-28T05:11:57", "new_video_title": "", "member": null, "video": 1, "user": 10001, "action_type": 4, "team": null, "new_language": 2}}, {"pk": 6, "model": "videos.action", "fields": {"comment": null, "language": null, "created": "2013-05-28T05:10:45", "new_video_title": "", "member": null, "video": 1, "user": 10001, "action_type": 4, "team": null, "new_language": 1}}, {"pk": 5, "model": "videos.action", "fields": {"comment": null, "language": null, "created": "2013-05-28T05:10:17", "new_video_title": "", "member": null, "video": 1, "user": 10001, "action_type": 4, "team": null, "new_language": 1}}, {"pk": 4, "model": "videos.action", "fields": {"comment": null, "language": null, "created": "2013-05-28T05:10:01", "new_video_title": "", "member": null, "video": 1, "user": 10001, "action_type": 4, "team": null, "new_language": 1}}, {"pk": 3, "model": "videos.action", "fields": {"comment": null, "language": null, "created": "2013-05-28T05:09:42", "new_video_title": "", "member": null, "video": 1, "user": 10001, "action_type": 4, "team": null, "new_language": 1}}, {"pk": 2, "model": "videos.action", "fields": {"comment": null, "language": null, "created": "2013-05-28T05:09:11", "new_video_title": "", "member": null, "video": 1, "user": 10001, "action_type": 4, "team": null, "new_language": 1}}, {"pk": 1, "model": "videos.action", "fields": {"comment": null, "language": null, "created": "2013-05-28T05:05:48", "new_video_title": "", "member": null, "video": 1, "user": null, "action_type": 1, "team": null, "new_language": null}}, {"pk": 1, "model": "videos.videourl", "fields": {"created": "2013-05-28T05:05:49", "url": "http://www.youtube.com/watch?v=5CKwCfLUwj4", "videoid": "5CKwCfLUwj4", "primary": true, "video": 1, "owner_username": "janet", "type": "Y", "original": true, "added_by": null}}, {"pk": 2, "model": "videos.videourl", "fields": {"created": "2013-05-28T07:42:36", "url": "http://vimeo.com/39734142", "videoid": "39734142", "primary": true, "video": 2, "owner_username": null, "type": "V", "original": true, "added_by": null}}, {"pk": 3, "model": "videos.videourl", "fields": {"created": "2013-06-10T02:31:57", "url": "http://www.youtube.com/watch?v=FVcUdmGTkEI", "videoid": "FVcUdmGTkEI", "primary": true, "video": 3, "owner_username": "DePaulCinema", "type": "Y", "original": true, "added_by": 10001}}, {"pk": 4, "model": "videos.videourl", "fields": {"created": "2013-06-10T02:33:14", "url": "http://www.youtube.com/watch?v=p7Dul0kTo2I", "videoid": "p7Dul0kTo2I", "primary": true, "video": 4, "owner_username": "DePaulCinema", "type": "Y", "original": true, "added_by": 10001}}, {"pk": 5, "model": "videos.videourl", "fields": {"created": "2013-06-10T02:42:26", "url": "http://www.youtube.com/watch?v=jvG1K_2GxEc", "videoid": "jvG1K_2GxEc", "primary": true, "video": 6, "owner_username": "DePaulCinema", "type": "Y", "original": true, "added_by": 10001}}]